{
    "model_1": {
        "loss_folds": {
            "fold_1": 0.17229729729729726,
            "fold_2": 0.14864864864864868,
            "fold_3": 0.1732882502113271,
            "fold_4": 0.19695688926458155,
            "fold_5": 0.169061707523246
        },
        "loss_cv": 0.17205055858902013
    },
    "model_2": {
        "loss_folds": {
            "fold_1": 0.16131756756756754,
            "fold_2": 0.1875,
            "fold_3": 0.18005071851225696,
            "fold_4": 0.18427726120033816,
            "fold_5": 0.18850380388841925
        },
        "loss_cv": 0.18032987023371638
    },
    "model_3": {
        "loss_folds": {
            "fold_1": 0.17060810810810811,
            "fold_2": 0.19510135135135132,
            "fold_3": 0.18850380388841925,
            "fold_4": 0.1944209636517329,
            "fold_5": 0.1859678782755706
        },
        "loss_cv": 0.18692042105503642
    },
    "model_4": {
        "loss_folds": {
            "fold_1": 0.14442567567567566,
            "fold_2": 0.1841216216216216,
            "fold_3": 0.18512256973795438,
            "fold_4": 0.17159763313609466,
            "fold_5": 0.15891800507185128
        },
        "loss_cv": 0.16883710104863953
    }
}