{
    "model_1": {
        "loss_folds": { 
            "fold_1": 0.2601351351351351,
            "fold_2": 0.2736486486486487,
            "fold_3": 0.2052364864864865,
            "fold_4": 0.1972904318374259,
            "fold_5": 0.10726351351351349
        },
        "loss_cv": 0.20871484312424196
    },

    "model_2": {
        "loss_folds": { 
            "fold_1": 0.2820945945945946,
            "fold_2": 0.19341216216216217,
            "fold_3": 0.17820945945945943,
            "fold_4": 0.1778154106689246,
            "fold_5": 0.14104729729729726
        },
        "loss_cv": 0.19451578483648763
    }, 

    "model_3": {
        "loss_folds": { 
            "fold_1": 0.26604729729729726,
            "fold_2": 0.20016891891891897,
            "fold_3": 0.19172297297297303,
            "fold_4": 0.18712955122777308,
            "fold_5": 0.10472972972972971
        },
        "loss_cv": 0.1899596940293384
    }, 

    "model_4":{
        "loss_folds": { 
            "fold_1": 0.23564189189189189,
            "fold_2": 0.1976351351351351,
            "fold_3": 0.1875,
            "fold_4": 0.18543607112616423,
            "fold_5": 0.1773648648648649
        },
        "loss_cv": 0.1967155926036112
    }
}